date,day_of_week,spend,impressions,clicks,conversions,revenue,ctr,cvr,cpa,roas,cpm,spend_zscore,impressions_zscore,clicks_zscore,conversions_zscore,revenue_zscore,is_anomaly,anomaly_type,anomaly_metric,anomaly_severity
2025-01-18,5,3602.79,416384,12869,277.14,10669.63,3.0907,2.1535,13.0,2.9615,8.65,-0.993,0.4096,0.7243,1.0317,-0.7391,0,none,,0
2025-01-19,6,3586.04,408278,12572,232.35,11886.69,3.0794,1.848,15.43,3.3147,8.78,-1.0398,0.2014,0.4715,-0.2161,-0.0666,0,none,,0
2025-01-20,0,5223.63,500247,13342,241.14,12763.78,2.6671,1.8074,21.66,2.4435,10.44,0.4358,-0.006,-1.115,-1.3138,-1.0001,0,none,,0
2025-01-21,1,5405.0,547610,12931,322.16,12285.92,2.3615,2.4912,16.78,2.2731,9.87,0.7923,0.9342,-1.3929,0.4806,-1.2152,0,none,,0
2025-01-22,2,4831.99,460583,15339,274.21,15992.42,3.3305,1.7876,17.62,3.3097,10.49,-0.3571,-0.8085,0.2041,-0.5863,0.4255,0,none,,0
2025-01-23,3,5322.05,550751,14529,296.65,16873.77,2.6382,2.0416,17.94,3.1705,9.66,0.615,0.9849,-0.3399,-0.0925,0.8123,0,none,,0
2025-01-24,4,4320.04,536064,13024,261.35,12653.95,2.4296,2.0067,16.53,2.9291,8.06,-1.3882,0.6862,-1.3455,-0.8778,-1.0611,0,none,,0
2025-01-25,5,3443.98,365799,11838,217.1,10246.53,3.2362,1.834,15.86,2.9752,9.41,-1.4229,-0.8899,-0.1727,-0.6591,-0.9959,0,none,,0
2025-01-26,6,3687.43,363100,11757,222.77,11178.09,3.2381,1.8947,16.55,3.0314,10.16,-0.8217,-0.9621,-0.2447,-0.5055,-0.4837,0,none,,0
2025-01-27,0,5279.28,514171,17051,303.62,14908.58,3.3163,1.7806,17.39,2.824,10.27,0.5067,0.233,1.3118,0.0472,-0.0731,0,none,,0
2025-01-28,1,5412.57,466620,15042,292.15,16037.2,3.2236,1.9422,18.53,2.963,11.6,0.7661,-0.7184,-0.0266,-0.2098,0.4221,0,none,,0
2025-01-29,2,5704.07,469593,14012,339.43,15200.75,2.9839,2.4224,16.8,2.6649,12.15,1.3398,-0.6644,-0.7145,0.831,0.0487,0,none,,0
2025-01-30,3,5350.89,513547,17230,312.12,14893.13,3.3552,1.8114,17.14,2.7833,10.42,0.6319,0.2038,1.4121,0.2239,-0.0907,0,none,,0
2025-01-31,4,5501.72,514909,15773,359.11,15822.28,3.0633,2.2767,15.32,2.8759,10.68,0.9256,0.2254,0.4411,1.2572,0.3157,0,none,,0
2025-02-01,5,4262.04,415923,10328,238.68,13266.94,2.4833,2.3109,17.86,3.1128,10.25,0.574,0.3189,-1.4585,-0.0871,0.6477,0,none,,0
2025-02-02,6,4371.18,399326,13852,221.93,10124.73,3.4691,1.602,19.7,2.3162,10.95,0.8389,-0.0982,1.45,-0.5523,-1.0877,0,none,,0
2025-02-03,0,5106.95,489160,13961,323.46,14387.79,2.8542,2.3168,15.79,2.8173,10.44,0.1251,-0.3018,-0.7732,0.4588,-0.3277,0,none,,0
2025-02-04,1,5469.08,531000,14573,311.02,14834.86,2.7445,2.1342,17.58,2.7125,10.3,0.8372,0.522,-0.3741,0.1811,-0.1342,0,none,,0
2025-02-05,2,5623.06,489151,13292,262.68,14342.09,2.7175,1.9761,21.41,2.5506,11.5,1.1363,-0.3125,-1.2248,-0.8864,-0.3547,0,none,,0
2025-02-06,3,5289.68,488167,15917,356.2,16077.74,3.2607,2.2377,14.85,3.0395,10.84,0.4704,-0.3373,0.5025,1.1673,0.4054,0,none,,0
2025-02-07,4,5175.61,509714,16850,285.13,14696.99,3.3059,1.6921,18.15,2.8397,10.15,0.239,0.0838,1.1121,-0.3992,-0.2055,0,none,,0
2025-02-08,5,4075.68,422325,10464,248.93,10301.21,2.4778,2.3788,16.37,2.5275,9.65,0.0733,0.438,-1.3788,0.1694,-1.0089,0,none,,0
2025-02-09,6,4244.51,377084,11448,262.62,12877.25,3.036,2.294,16.16,3.0339,11.26,0.4849,-0.6852,-0.5735,0.5414,0.4021,0,none,,0
2025-02-10,0,5180.38,470582,14060,298.82,12815.58,2.9878,2.1253,17.34,2.4739,11.01,0.2318,-0.7055,-0.7432,-0.1088,-1.0417,0,none,,0
2025-02-11,1,4557.21,535076,16701,364.06,14763.55,3.1212,2.1799,12.52,3.2396,8.52,-1.0039,0.5626,0.9895,1.3186,-0.1903,0,none,,0
2025-02-12,2,5764.2,473690,15111,250.59,15939.75,3.1902,1.6582,23.0,2.7653,12.17,1.3726,-0.6542,-0.0617,-1.1733,0.3219,0,none,,0
2025-02-13,3,4621.1,537337,13101,341.54,12333.11,2.4383,2.6069,13.53,2.6689,8.6,-0.8876,0.5958,-1.3882,0.8166,-1.2623,0,none,,0
2025-02-14,4,4432.78,482151,16235,277.7,15289.95,3.3673,1.7105,15.96,3.4493,9.19,-1.2637,-0.4975,0.6657,-0.5856,0.0298,0,none,,0
2025-02-15,5,3512.64,431405,10595,207.3,10328.81,2.4559,1.9566,16.94,2.9405,8.14,-1.3511,0.6222,-1.3042,-0.9952,-1.0151,0,none,,0
2025-02-16,6,3673.69,438601,13986,232.48,12829.71,3.1888,1.6622,15.8,3.4923,8.38,-0.9594,0.7935,1.4728,-0.3099,0.3495,0,none,,0
2025-02-17,0,4918.51,473844,14943,338.09,16958.84,3.1537,2.2625,14.55,3.448,10.38,-0.3221,-0.6764,-0.1987,0.725,0.7487,0,none,,0
2025-02-18,1,4589.1,551263,13167,333.74,12487.1,2.3887,2.5345,13.75,2.721,8.32,-0.9751,0.8411,-1.368,0.626,-1.2095,0,none,,0
2025-02-19,2,5706.46,488153,13312,302.9,14032.59,2.727,2.2754,18.84,2.4591,11.69,1.2162,-0.4052,-1.2782,-0.0515,-0.5374,0,none,,0
2025-02-20,3,5342.36,479499,14615,339.95,16149.4,3.0482,2.3259,15.72,3.0229,11.14,0.495,-0.5803,-0.4291,0.7535,0.3834,0,none,,0
2025-02-21,4,5344.19,536340,15703,273.75,12225.06,2.9279,1.7432,19.52,2.2875,9.96,0.4929,0.5306,0.2775,-0.6947,-1.3327,0,none,,0
2025-02-22,5,4471.3,423782,10676,252.94,13800.59,2.5194,2.3691,17.68,3.0865,10.55,0.9679,0.3952,-1.2703,0.2273,0.8561,0,none,,0
2025-02-23,6,3709.36,415038,13434,200.57,12711.26,3.2369,1.4929,18.49,3.4268,8.94,-0.906,0.1753,0.9789,-1.203,0.2585,0,none,,0
2025-02-24,0,5258.03,525444,15907,260.83,13681.49,3.0274,1.6397,20.16,2.602,10.01,0.3071,0.3001,0.3941,-0.9856,-0.7068,0,none,,0
2025-02-25,1,4365.59,524165,16072,274.3,15913.39,3.0662,1.7067,15.92,3.6452,8.33,-1.4469,0.2695,0.4962,-0.6955,0.2617,0,none,,0
2025-02-26,2,4740.22,506903,17203,297.42,16116.26,3.3938,1.7288,15.94,5.0999,9.35,-0.7179,-0.0741,1.2289,-0.1957,0.3463,1,spike,roas,1
2025-02-27,3,5536.1,495656,14076,336.9,13305.12,2.8399,2.3934,16.43,2.4033,11.17,0.8347,-0.2995,-0.8172,0.6595,-0.8801,0,none,,0
2025-02-28,4,5006.4,493997,15729,286.84,14680.27,3.1842,1.8236,17.45,2.9323,10.13,-0.2072,-0.3371,0.2562,-0.4324,-0.2855,0,none,,0
2025-03-01,5,4564.11,436025,13619,252.37,12994.24,3.1236,1.853,18.08,2.847,10.47,1.1536,0.6554,1.0945,0.1859,0.39,0,none,,0
2025-03-02,6,4445.03,413600,10849,276.07,13563.02,2.6232,2.5446,16.1,3.0513,10.75,0.8568,0.102,-1.1668,0.8255,0.6949,0,none,,0
2025-03-03,0,4645.0,488665,14420,308.23,13111.94,2.951,2.1374,15.07,2.8228,9.51,-0.9287,-0.4568,-0.6127,0.0215,-0.9763,0,none,,0
2025-03-04,1,4634.77,488225,16321,351.02,12436.71,3.343,2.1507,13.2,2.6834,9.49,-0.9535,-0.4705,0.6192,0.9462,-1.2723,0,none,,0
2025-03-05,2,4412.58,470082,16324,336.55,17309.45,3.4726,2.0616,13.11,3.9228,9.39,-1.3918,-0.8295,0.6153,0.6283,0.8373,0,none,,0
2025-03-06,3,5682.38,478702,14231,262.74,17217.5,2.9728,1.8462,21.63,3.03,11.87,1.0794,-0.6663,-0.7509,-0.9747,0.7934,0,none,,0
2025-03-07,4,4601.18,525785,5376,251.84,12972.76,1.0226,4.6841,18.27,2.8194,8.75,-1.0335,0.2462,-6.5075,-1.2136,-1.0488,1,drop,clicks,2
2025-03-08,5,3749.9,388806,13471,246.62,13300.71,3.4649,1.8307,15.2,3.547,9.64,-0.8704,-0.534,0.9329,0.0049,0.5294,0,none,,0
2025-03-09,6,3786.23,449622,12571,210.18,11865.65,2.796,1.6719,18.01,3.1339,8.42,-0.7868,0.9408,0.1969,-0.984,-0.2504,0,none,,0
2025-03-10,0,4698.87,558527,17181,271.27,14507.27,3.0762,1.5789,17.32,3.0874,8.41,-0.8577,0.8669,1.1428,-0.8023,-0.3943,0,none,,0
2025-03-11,1,4692.77,523663,16352,327.55,16701.14,3.1226,2.0031,14.33,3.5589,8.96,-0.8745,0.1831,0.5994,0.4106,0.5504,0,none,,0
2025-03-12,2,5862.66,199489,17188,249.66,14127.93,8.6164,1.4525,23.48,2.4098,11.76,1.3944,-6.1228,1.1358,-1.2752,-0.5648,1,drop,impressions,2
2025-03-13,3,5601.04,539712,16188,248.89,12833.39,2.9995,1.5374,22.5,2.2913,10.38,0.8802,0.484,0.4825,-1.2948,-1.1269,0,none,,0
2025-03-14,4,5786.97,525487,14228,286.82,16213.28,2.7076,2.0158,20.18,2.8017,11.01,1.2353,0.2023,-0.792,-0.4794,0.3284,0,none,,0
2025-03-15,5,4686.36,414672,11830,249.84,13784.3,2.8529,2.1119,18.76,2.9414,11.3,1.3671,0.0582,-0.435,0.0666,0.7633,0,none,,0
2025-03-16,6,3909.68,399179,13328,204.57,11259.85,3.3389,1.5349,19.11,2.88,9.79,-0.5218,-0.3228,0.7704,-1.1561,-0.6007,0,none,,0
2025-03-17,0,5847.12,473597,16675,325.68,16298.86,3.521,1.9531,17.95,2.7875,12.35,1.334,-0.8198,0.7746,0.3478,0.3541,0,none,,0
2025-03-18,1,5007.55,505917,14503,321.81,18147.13,2.8667,2.2188,15.56,3.624,9.9,-0.2985,-0.1985,-0.6339,0.2607,1.1461,0,none,,0
2025-03-19,2,5478.83,558392,17647,346.44,14921.97,3.1604,1.9631,15.81,2.7236,9.81,0.6089,0.8124,1.3906,0.7869,-0.2458,0,none,,0
2025-03-20,3,5835.63,534281,16992,262.42,13603.39,3.1805,1.5443,22.24,2.3311,10.92,1.2938,0.34,0.9621,-1.0237,-0.8163,0,none,,0
2025-03-21,4,4686.34,559013,14192,317.29,12937.81,2.5388,2.2356,14.77,2.7608,8.38,-0.9353,0.8129,-0.8493,0.1525,-1.1055,0,none,,0
2025-03-22,5,3824.52,453773,13520,265.52,14481.28,2.9796,1.9638,14.4,3.7864,8.43,-0.7578,0.9658,0.8912,0.4628,1.11,0,none,,0
2025-03-23,6,4082.61,399759,11732,202.28,11325.99,2.9349,1.7241,20.18,2.7742,10.21,-0.1393,-0.3446,-0.5541,-1.2381,-0.5876,0,none,,0
2025-03-24,0,4458.69,557431,17155,279.8,17414.26,3.0776,1.631,15.94,3.9057,8.0,-1.3893,0.7652,1.0436,-0.6627,0.8068,0,none,,0
2025-03-25,1,4924.39,538501,14562,257.42,15572.29,2.7043,1.7677,19.13,3.1623,9.14,-0.495,0.3941,-0.6304,-1.1459,0.0128,0,none,,0
2025-03-26,2,4620.86,517376,17647,339.8,17036.54,3.4109,1.9255,13.6,3.6869,8.93,-1.0855,-0.0189,1.3481,0.617,0.637,0,none,,0
2025-03-27,3,5566.92,468831,17541,352.27,14155.99,3.7415,2.0082,15.8,2.5429,11.87,0.7339,-0.9602,1.2741,0.8804,-0.6011,0,none,,0
2025-03-28,4,5368.07,336494,14418,251.97,17833.4,4.2848,1.7476,21.3,3.3221,11.17,0.345,-3.5153,-0.7381,-1.2713,0.9705,1,trend_break,impressions,1
2025-03-29,5,4504.06,450645,12695,213.28,12750.15,2.8171,1.68,21.12,2.8308,9.99,0.8442,0.85,0.1884,-0.9612,0.1551,0,none,,0
2025-03-30,6,4427.91,435651,11640,206.82,10716.32,2.6721,1.7767,21.41,2.4202,10.16,0.6552,0.4834,-0.6625,-1.1367,-0.9361,0,none,,0
2025-03-31,0,5374.25,543415,17458,355.84,13835.53,3.2127,2.0382,15.1,2.5744,9.89,0.3405,0.4558,1.1972,0.9407,-0.7509,0,none,,0
2025-04-01,1,5863.2,570093,15915,360.47,13926.53,2.7917,2.265,16.27,2.3752,10.28,1.2754,0.9633,0.202,1.0357,-0.7152,0,none,,0
2025-04-02,2,5202.45,552654,16332,329.31,12595.58,2.9553,2.0163,15.8,2.4211,9.41,-0.0005,0.6224,0.464,0.3662,-1.2868,0,none,,0
2025-04-03,3,5891.82,482472,16676,344.72,17070.85,3.4566,2.0671,17.09,2.8974,12.21,1.3185,-0.7315,0.6791,0.6915,0.6209,0,none,,0
2025-04-04,4,5066.36,539799,14188,299.96,15571.91,2.6285,2.1141,16.89,3.0736,9.39,-0.2724,0.3644,-0.919,-0.2674,-0.0225,0,none,,0
2025-04-05,5,4677.54,434902,11694,213.6,11445.1,2.6891,1.8265,21.9,2.4468,10.76,1.2204,0.4324,-0.6487,-0.9734,-0.5657,0,none,,0
2025-04-06,6,4579.39,417360,11020,225.16,11737.8,2.6406,2.0431,20.34,2.5632,10.97,0.9792,0.0063,-1.1925,-0.6685,-0.4129,0,none,,0
2025-04-07,0,4819.95,493884,14645,324.57,15603.18,2.9654,2.2162,14.85,3.2372,9.76,-0.7601,-0.5321,-0.6414,0.2467,-0.0197,0,none,,0
2025-04-08,1,5529.09,539331,14035,257.44,15720.16,2.6024,1.8342,21.48,2.8432,10.25,0.5938,0.3336,-1.036,-1.1861,0.0267,0,none,,0
2025-04-09,2,5008.89,472699,14146,264.48,17551.82,2.9928,1.8696,18.94,3.5041,10.6,-0.4079,-0.9478,-0.9696,-1.039,0.8026,0,none,,0
2025-04-10,3,4564.54,497960,16533,344.28,13290.68,3.3203,2.0823,13.26,2.9117,9.17,-1.2635,-0.469,0.5484,0.655,-1.0137,0,none,,0
2025-04-11,4,5024.41,541493,16489,350.48,16919.1,3.0451,2.1255,1.43,3.3674,9.28,-0.3883,0.3588,0.5145,0.7829,0.5258,1,drop,cpa,3
2025-04-12,5,3877.63,411725,11410,214.35,13059.09,2.7713,1.8786,18.09,3.3678,9.42,-0.7325,-0.1598,-0.9099,-0.9744,0.2691,0,none,,0
2025-04-13,6,4028.89,383918,13447,201.53,12346.21,3.5028,1.4986,19.99,3.0644,10.49,-0.376,-0.8292,0.7079,-1.3177,-0.1129,0,none,,0
2025-04-14,0,5126.78,484421,17017,292.01,13412.11,3.5131,1.7159,17.56,2.6161,10.58,-0.2079,-0.7476,0.8347,-0.4695,-0.974,0,none,,0
2025-04-15,1,4482.73,505403,16896,366.19,16291.67,3.3432,2.1672,12.24,3.6343,8.87,-1.4425,-0.3519,0.7519,1.1006,0.2446,0,none,,0
2025-04-16,2,4800.84,534997,15283,273.87,17530.82,2.8567,1.7919,17.53,3.6516,8.97,-0.84,0.2077,-0.2797,-0.8606,0.7664,0,none,,0
2025-04-17,3,4963.25,478387,16681,286.35,14050.54,3.4871,1.7165,17.33,2.8309,10.37,-0.5351,-0.8771,0.6041,-0.5993,-0.7124,0,none,,0
2025-04-18,4,5835.45,526548,14124,349.36,13904.18,2.6824,2.4734,16.7,2.3827,11.08,1.1224,0.036,-1.0263,0.7319,-0.7775,0,none,,0
2025-04-19,5,4285.22,427037,10969,285.91,12494.7,2.5687,2.6064,14.99,2.9158,10.03,0.2042,0.1689,-1.2929,0.8981,-0.0549,0,none,,0
2025-04-20,6,4475.73,461556,12428,215.88,13751.02,2.6928,1.7369,20.73,3.0724,9.7,0.6523,0.9851,-0.1396,-0.9579,0.6062,0,none,,0
2025-04-21,0,5811.02,504612,15814,720.75,18064.32,3.1341,4.5574,8.06,3.1086,11.52,1.0585,-0.3971,0.0321,8.5734,0.9726,1,spike,conversions,2
2025-04-22,1,4600.35,570982,15514,337.44,18187.69,2.7171,2.1751,13.63,3.9535,8.06,-1.25,0.8603,-0.1639,0.4647,1.0208,0,none,,0
2025-04-23,2,5821.82,549625,17388,314.96,12836.02,3.1637,1.8113,18.48,2.2048,10.59,1.0675,0.4486,1.0188,-0.0138,-1.244,0,none,,0
2025-04-24,3,5064.91,516029,15510,314.89,16811.76,3.0058,2.0301,16.08,3.3193,9.82,-0.3764,-0.1952,-0.1762,-0.0189,0.4318,0,none,,0
2025-04-25,4,5703.09,544648,17235,268.19,17925.58,3.1645,1.5561,21.26,3.1431,10.47,0.8305,0.3432,0.9104,-1.0076,0.8982,0,none,,0
2025-04-26,5,4251.18,415897,12552,231.18,10975.08,3.0181,1.8418,18.39,2.5817,10.22,0.0863,-0.1324,-0.0728,-0.5722,-0.8801,0,none,,0
2025-04-27,6,4155.5,390093,11683,215.94,10672.96,2.995,1.8483,19.24,2.5684,10.65,-0.1458,-0.7495,-0.765,-0.977,-1.0423,0,none,,0
2025-04-28,0,5549.32,572095,16505,359.97,16171.89,2.8851,2.1809,15.42,2.9142,9.7,0.5221,0.8475,0.432,0.9172,0.1475,0,none,,0
2025-04-29,1,5321.79,508698,16580,366.9,17618.01,3.2594,2.2129,14.5,3.3105,10.46,0.0854,-0.3595,0.4739,1.0591,0.7529,0,none,,0
2025-04-30,2,5998.39,579200,15805,362.97,12700.91,2.7289,2.2965,16.53,2.1174,10.36,1.3618,0.9708,-0.0207,0.9724,-1.3206,0,none,,0
2025-05-01,3,4525.34,557077,13848,255.71,13611.69,2.486,1.8464,17.7,3.0079,8.12,-1.4328,0.5463,-1.2607,-1.2879,-0.9402,0,none,,0
2025-05-02,4,5228.97,482556,15849,285.14,14423.88,3.2846,1.799,18.34,2.7585,10.84,-0.1059,-0.8692,-0.0031,-0.6718,-0.6017,0,none,,0
2025-05-03,5,4848.06,419956,12011,297.61,12692.69,2.8603,2.4776,16.29,2.6181,11.54,1.4608,-0.0723,-0.5347,1.1505,0.0012,0,none,,0
2025-05-04,6,4122.8,398054,13286,270.68,12494.77,3.338,2.0372,15.23,3.0306,10.36,-0.2588,-0.5949,0.4647,0.4396,-0.1062,0,none,,0
2025-05-05,0,5820.05,505529,16637,302.85,15704.66,3.291,1.8203,19.22,2.6984,11.51,0.9954,-0.4494,0.4771,-0.3094,-0.0734,0,none,,0
2025-05-06,1,5533.38,500549,15819,295.95,18833.92,3.1604,1.8708,18.7,3.4037,11.05,0.4484,-0.5483,-0.0429,-0.4574,1.2363,0,none,,0
2025-05-07,2,5701.58,581145,14053,380.53,13375.16,2.4182,2.7078,14.98,2.3459,9.81,0.7605,0.9678,-1.1593,1.3129,-1.0572,0,none,,0
2025-05-08,3,4886.19,578257,16551,330.44,19068.64,2.8624,1.9964,14.79,3.9026,8.45,-0.7832,0.9077,0.4074,0.259,1.3265,0,none,,0
2025-05-09,4,5536.68,482119,17626,378.09,18842.18,3.656,2.145,14.64,3.4032,11.48,0.4385,-0.9105,1.0772,1.2536,1.2275,0,none,,0
2025-05-10,5,3896.39,413174,12011,234.92,13272.47,2.9071,1.9559,16.59,3.4063,9.43,-0.8223,-0.2679,-0.5694,-0.5184,0.2806,0,none,,0
2025-05-11,6,4804.25,388055,11894,229.89,12016.35,3.0651,1.9327,20.9,2.5012,12.38,1.3103,-0.8643,-0.6661,-0.6533,-0.3802,0,none,,0
2025-05-12,0,5135.7,579271,15636,325.32,17521.97,2.6993,2.0805,15.79,3.4118,8.87,-0.3325,0.9043,-0.1886,0.1376,0.663,0,none,,0
2025-05-13,1,5447.36,569863,16539,366.71,14687.23,2.9023,2.2172,14.85,2.6962,9.56,0.2489,0.7217,0.3725,0.9994,-0.526,0,none,,0
2025-05-14,2,5827.55,519285,16676,349.36,14847.6,3.2114,2.0949,16.68,2.5478,11.22,0.9586,-0.235,0.4533,0.6328,-0.4621,0,none,,0
2025-05-15,3,5950.92,572468,17155,352.78,18500.72,2.9968,2.0564,16.87,3.1089,10.4,1.1848,0.7596,0.7481,0.7006,1.0605,0,none,,0
2025-05-16,4,5067.11,491955,15595,266.68,13515.43,3.1701,1.7099,19.0,2.6673,10.3,-0.4812,-0.7584,-0.2343,-1.1004,-1.0246,0,none,,0
2025-05-17,5,4485.65,456045,13330,247.32,10354.61,2.9231,1.8553,18.14,2.3084,9.84,0.5277,0.7032,0.4287,-0.2172,-1.2662,0,none,,0
2025-05-18,6,3714.28,435693,11262,233.7,11181.8,2.585,2.0749,15.89,3.0105,8.52,-1.2872,0.2203,-1.1934,-0.5756,-0.8378,0,none,,0
2025-05-19,0,5950.62,547612,16782,372.22,17590.3,3.0646,2.2179,15.99,2.956,10.87,1.1612,0.2712,0.4926,1.0905,0.6651,0,none,,0
2025-05-20,1,5200.45,572402,16702,273.4,13049.99,2.918,1.6369,19.02,2.5094,9.09,-0.2508,0.7307,0.4376,-0.9717,-1.2301,0,none,,0
2025-05-21,2,5142.21,569730,17169,378.55,16389.94,3.0137,2.2047,13.58,3.1873,9.03,-0.365,0.6751,0.7237,1.2143,0.1578,0,none,,0
2025-05-22,3,4979.75,553150,17009,365.03,16252.44,3.0751,2.146,13.64,3.2637,9.0,-0.6741,0.3592,0.6185,0.9291,0.0971,0,none,,0
2025-05-23,4,4866.53,559544,17654,332.57,13563.5,3.1552,1.8837,14.63,2.7871,8.7,-0.8909,0.4735,1.0152,0.25,-1.0249,0,none,,0
2025-05-24,5,4244.75,177107,12137,291.49,12170.6,6.8529,2.4017,14.56,2.8672,9.59,-0.0735,-5.8583,-0.539,0.9074,-0.3419,1,trend_break,impressions,2
2025-05-25,6,4665.92,414905,10977,212.93,10842.04,2.6458,1.9397,21.91,2.3237,11.25,0.9059,-0.3022,-1.4471,-1.1367,-1.0352,0,none,,0
2025-05-26,0,5031.95,588350,17296,334.03,19157.29,2.9398,1.9312,15.06,3.8071,8.55,-0.5957,0.9958,0.7752,0.2697,1.2897,0,none,,0
2025-05-27,1,4816.39,560746,14991,380.44,19195.68,2.6734,2.5378,12.66,3.9855,8.59,-1.0032,0.4745,-0.6657,1.2294,1.3015,0,none,,0
2025-05-28,2,6070.83,548005,16994,269.21,17759.22,3.1012,1.5841,22.55,2.9253,11.08,1.3343,0.2313,0.5764,-1.082,0.7015,0,none,,0
2025-05-29,3,5906.04,585356,14689,267.26,15973.11,2.5095,1.8194,22.1,2.7045,10.09,1.021,0.9231,-0.8629,-1.1253,-0.043,0,none,,0
2025-05-30,4,5796.97,557269,17632,279.88,17062.49,3.1641,1.5873,20.71,2.9433,10.4,0.8119,0.3936,0.9621,-0.8667,0.4052,0,none,,0
2025-05-31,5,3845.32,421805,14236,306.08,13726.45,3.375,2.1501,12.56,3.5697,9.12,-1.0397,-0.1711,1.0576,1.2581,0.4411,0,none,,0
2025-06-01,6,3819.74,470165,11078,260.43,11804.28,2.3563,2.3508,14.67,3.0903,8.12,-1.1039,0.9501,-1.3995,0.0727,-0.5573,0,none,,0
2025-06-02,0,4914.84,484525,15696,266.02,14756.98,3.2396,1.6947,18.48,3.0025,10.14,-0.8474,-0.9769,-0.2562,-1.1624,-0.5598,0,none,,0
2025-06-03,1,5041.71,509945,14452,275.31,16284.51,2.834,1.905,18.31,3.23,9.89,-0.6159,-0.5084,-1.0335,-0.9729,0.069,0,none,,0
2025-06-04,2,5299.12,497069,16840,329.89,15360.21,3.388,1.9589,16.06,2.8986,10.66,-0.1418,-0.7528,0.4433,0.1523,-0.3166,0,none,,0
2025-06-05,3,4866.87,499763,15353,263.52,15725.26,3.0722,1.7163,18.47,3.2311,9.74,-0.9505,-0.7074,-0.4837,-1.2223,-0.169,0,none,,0
2025-06-06,4,6093.76,551623,16743,306.63,13774.8,3.0353,1.8314,19.87,2.2605,11.05,1.325,0.2517,0.3722,-0.3349,-0.9778,0,none,,0
2025-06-07,5,4434.34,449982,14184,233.18,11583.12,3.1522,1.6439,19.02,2.6121,9.85,0.296,0.4481,0.9783,-0.6509,-0.6901,0,none,,0
2025-06-08,6,4394.38,406596,13266,242.6,13647.5,3.2628,1.8287,18.11,3.1057,10.81,0.198,-0.5641,0.2624,-0.411,0.3715,0,none,,0
2025-06-09,0,5538.25,567822,18495,376.51,16190.01,3.2573,2.0356,14.71,2.9233,9.75,0.2769,0.5366,1.4405,1.0962,0.0094,0,none,,0
2025-06-10,1,5291.01,488252,14554,266.46,17445.79,2.9809,1.8308,19.86,3.2973,10.84,-0.1869,-0.9445,-1.0021,-1.1755,0.5236,0,none,,0
2025-06-11,2,4688.54,560013,16884,352.15,16829.83,3.0151,2.0856,13.31,3.5896,8.37,-1.3087,0.3812,0.4333,0.5866,0.2662,0,none,,0
2025-06-12,3,4687.08,573959,14811,329.34,16096.04,2.5805,2.2236,14.23,3.4341,8.17,-1.3158,0.6343,-0.8526,0.1134,-0.0394,0,none,,0
2025-06-13,4,5484.95,548641,15322,383.45,16928.18,2.7929,2.5025,21.46,3.0863,10.0,0.1573,0.16,-0.5415,1.2232,0.2997,1,spike,cpa,1
2025-06-14,5,3715.5,426302,14030,259.72,13689.9,3.2913,1.8511,14.31,3.6845,8.72,-1.4037,-0.1369,0.8207,0.0101,0.3719,0,none,,0
2025-06-15,6,4546.25,422716,12467,208.05,11178.82,2.9493,1.6687,21.85,2.4589,10.75,0.5131,-0.2248,-0.39,-1.3211,-0.9221,0,none,,0
2025-06-16,0,5963.78,516496,15743,381.59,14605.08,3.0482,2.4238,15.63,2.449,11.55,1.0273,-0.4498,-0.2964,1.1731,-0.6655,0,none,,0
2025-06-17,1,4635.16,554053,18327,374.62,16245.66,3.3079,2.0441,12.37,3.5049,8.37,-1.4338,0.2395,1.2902,1.026,0.0053,0,none,,0
2025-06-18,2,5527.06,494484,14578,385.09,14655.76,2.9482,2.6415,14.35,2.6516,11.18,0.2094,-0.8661,-1.0238,1.2368,-0.6508,0,none,,0
2025-06-19,3,5430.97,593547,17175,341.83,16407.91,2.8937,1.9902,15.89,3.0212,9.15,0.0268,0.9583,0.57,0.3456,0.0651,0,none,,0
2025-06-20,4,5685.83,585579,16461,314.94,18255.01,2.8112,1.9132,18.05,3.2106,9.71,0.492,0.8057,0.1255,-0.2093,0.8191,0,none,,0
2025-06-21,5,3907.91,410919,14803,254.43,13114.94,3.6024,1.7188,15.36,3.356,9.51,-0.9905,-0.5264,1.3759,-0.149,0.0524,0,none,,0
2025-06-22,6,4315.08,455094,12950,241.09,10915.28,2.8456,1.8617,17.9,2.5296,9.48,-0.0568,0.4867,-0.053,-0.4939,-1.0773,0,none,,0
2025-06-23,0,6032.54,574366,17230,327.66,18870.39,2.9999,1.9017,18.41,3.1281,10.5,1.115,0.5827,0.5822,0.0414,1.0597,0,none,,0
2025-06-24,1,5944.93,522330,15916,352.76,15450.23,3.0472,2.2163,16.85,2.5989,11.38,0.948,-0.3809,-0.2296,0.5515,-0.3438,0,none,,0
2025-06-25,2,5671.67,536524,17731,275.94,17720.24,3.3049,1.5562,20.55,3.1243,10.57,0.4395,-0.1245,0.8791,-1.0233,0.5815,0,none,,0
2025-06-26,3,6149.59,523345,17752,328.93,13639.62,3.392,1.8529,18.7,2.218,11.75,1.3135,-0.3719,0.8863,0.0571,-1.0904,0,none,,0
2025-06-27,4,6110.83,506553,15440,318.36,14847.06,3.0481,2.0619,19.19,2.4296,12.06,1.2365,-0.6855,-0.5361,-0.1622,-0.5999,0,none,,0
2025-06-28,5,4192.91,449048,11977,231.89,11365.44,2.6672,1.9361,18.08,2.7106,9.34,-0.3675,0.3161,-0.8282,-0.7475,-0.8644,0,none,,0
2025-06-29,6,4398.0,392892,14370,262.64,11273.76,3.6575,1.8277,16.75,2.5634,11.19,0.0986,-0.9785,0.9988,0.034,-0.9141,0,none,,0
2025-06-30,0,4732.85,518257,16336,373.88,18973.46,3.1522,2.2887,12.66,4.0089,9.13,-1.3104,-0.4847,-0.0021,0.9606,1.0746,0,none,,0
2025-07-01,1,5169.05,523848,18738,350.67,15072.49,3.5771,1.8714,14.74,2.9159,9.87,-0.5143,-0.3869,1.4624,0.4834,-0.5201,0,none,,0
2025-07-02,2,5345.16,558487,18308,287.65,13637.14,3.2783,1.5711,18.58,2.5513,9.57,-0.1961,0.2436,1.1939,-0.8045,-1.1083,0,none,,0
2025-07-03,3,5038.25,553774,17342,302.51,17578.3,3.1317,1.7443,16.65,3.489,9.1,-0.7636,0.1521,0.5976,-0.5047,0.4945,0,none,,0
2025-07-04,4,5678.51,560277,15282,345.23,15592.97,2.7278,2.2589,16.45,2.746,10.14,0.4049,0.2661,-0.6655,0.3619,-0.3175,0,none,,0
2025-07-05,5,4092.09,423336,14231,235.38,14058.61,3.3619,1.6539,17.39,3.4356,9.67,-0.6321,-0.3087,0.8602,-0.6795,0.4853,0,none,,0
2025-07-06,6,4174.3,395916,11241,224.41,11066.12,2.8393,1.9963,18.6,2.651,10.54,-0.4487,-0.941,-1.4262,-0.9613,-1.0399,0,none,,0
2025-07-07,0,5129.36,563246,14146,301.15,14653.55,2.5116,2.1288,17.03,2.8568,9.11,-0.6154,0.305,-1.3726,-0.5447,-0.7089,0,none,,0
2025-07-08,1,4961.1,559745,17206,281.97,17987.93,3.0739,1.6388,17.59,3.6258,8.86,-0.9278,0.2358,0.488,-0.9374,0.6431,0,none,,0
2025-07-09,2,5114.93,583103,18389,370.92,14101.09,3.1537,2.0171,13.79,2.7569,8.77,-0.6512,0.6576,1.2035,0.866,-0.9393,0,none,,0
2025-07-10,3,5756.68,548565,18662,370.13,17681.43,3.4021,1.9833,15.55,3.0715,10.49,0.5165,0.0213,1.3645,0.8463,0.5113,0,none,,0
2025-07-11,4,5288.53,567873,14904,392.75,17014.93,2.6247,2.635,13.47,3.2173,9.31,-0.3436,0.3689,-0.9283,1.3013,0.2373,0,none,,0
2025-07-12,5,4261.71,461026,12706,272.48,14613.75,2.7561,2.1445,15.64,3.4291,9.24,-0.278,0.5172,-0.3378,0.24,0.7417,0,none,,0
2025-07-13,6,4197.32,442516,12502,243.06,12008.18,2.8252,1.9442,17.27,2.8609,9.49,-0.4296,0.0899,-0.498,-0.5089,-0.5822,0,none,,0
2025-07-14,0,6059.05,594971,17442,267.23,18338.76,2.9317,1.532,22.67,3.0267,10.18,1.0467,0.8474,0.6005,-1.2533,0.7633,0,none,,0
2025-07-15,1,5912.6,541889,14197,353.2,16095.09,2.62,2.4877,16.74,2.7222,10.91,0.7743,-0.1253,-1.3762,0.4847,-0.149,0,none,,0
2025-07-16,2,5882.65,533619,17578,328.79,14491.02,3.2942,1.8704,17.89,2.4633,11.02,0.7144,-0.2809,0.6722,-0.0128,-0.8015,0,none,,0
2025-07-17,3,5035.95,494930,15227,291.29,13212.15,3.0767,1.9129,17.29,2.6236,10.18,-0.8323,-0.99,-0.7596,-0.7746,-1.3218,0,none,,0
2025-07-18,4,4798.44,543989,16081,287.73,19566.7,2.9562,1.7892,16.68,4.0777,8.82,-1.269,-0.1019,-0.2464,-0.8496,1.245,0,none,,0
2025-07-19,5,4812.64,439550,14078,313.53,12396.49,3.203,2.227,15.35,2.5758,10.95,0.9405,-0.0077,0.6684,1.2527,-0.4043,0,none,,0
2025-07-20,6,4420.29,483415,12146,282.58,11292.66,2.5126,2.3265,15.64,2.5547,9.14,0.0436,0.984,-0.8007,0.4675,-0.9647,0,none,,0
2025-07-21,0,5653.35,589975,18470,337.79,17714.47,3.1307,1.8288,16.74,3.1334,9.58,0.2711,0.7188,1.1857,0.1523,0.4854,0,none,,0
2025-07-22,1,5441.56,543508,14965,315.07,19763.58,2.7535,2.1053,17.27,3.632,10.01,-0.1186,-0.1303,-0.9414,-0.3096,1.3087,0,none,,0
2025-07-23,2,5943.37,502402,6546,272.18,16368.77,1.3031,4.1574,21.84,2.7541,11.83,0.7873,-0.8813,-6.039,-1.1776,-0.0645,1,trend_break,clicks,2
2025-07-24,3,6004.87,560414,18650,368.19,14107.08,3.328,1.9742,16.31,2.3493,10.72,0.8935,0.1666,1.278,0.7549,-0.9796,0,none,,0
2025-07-25,4,4731.21,538947,16592,389.93,16692.57,3.0787,2.35,12.13,3.5282,8.78,-1.4213,-0.2277,0.0286,1.1892,0.0594,0,none,,0
2025-07-26,5,4107.05,410803,14477,238.1,15209.74,3.5242,1.6446,17.25,3.7033,10.0,-0.6959,-0.6937,0.9325,-0.6735,0.9902,0,none,,0
2025-07-27,6,4882.27,465744,13691,302.11,12352.13,2.9397,2.2066,16.16,2.53,10.48,1.0548,0.5457,0.3337,0.9339,-0.4514,0,none,,0
2025-07-28,0,4955.01,526961,16302,381.24,13849.33,3.0937,2.3385,13.0,2.795,9.4,-1.0289,-0.4593,-0.1613,1.0027,-1.0946,0,none,,0
2025-07-29,1,6231.42,577717,18568,367.37,16765.75,3.2142,1.9784,16.96,2.6905,10.79,1.2765,0.4545,1.2009,0.72,0.0755,0,none,,0
2025-07-30,2,5741.44,511620,15058,334.83,14033.53,2.9434,2.2234,17.15,2.4443,11.22,0.3847,-0.7462,-0.9208,0.0623,-1.0261,0,none,,0
2025-07-31,3,5543.33,539884,14889,320.81,15283.06,2.7579,2.1546,17.28,2.757,10.27,0.0214,-0.2398,-1.0274,-0.2226,-0.5269,0,none,,0
2025-08-01,4,6309.6,527411,17551,277.77,19346.63,3.3278,1.5826,22.71,3.0662,11.96,1.401,-0.47,0.5714,-1.0898,1.1018,0,none,,0
2025-08-02,5,4638.05,467922,13711,220.16,12914.46,2.9302,1.6057,21.07,2.7845,9.91,0.4706,0.5636,0.3177,-1.1442,-0.1878,0,none,,0
2025-08-03,6,4414.12,434697,14597,239.0,11706.82,3.3581,1.6373,18.47,2.6521,10.15,-0.0398,-0.1913,0.9796,-0.6745,-0.7965,0,none,,0
2025-08-04,0,6289.89,608946,16968,281.09,19155.88,2.7865,1.6565,22.38,3.0455,10.33,1.3485,0.9869,0.2051,-1.0316,1.0138,0,none,,0
2025-08-05,1,4972.27,520517,17401,280.44,18487.37,3.3431,1.6116,17.73,3.7181,9.55,-1.0332,-0.6132,0.4603,-1.0475,0.7421,0,none,,0
2025-08-06,2,4899.58,547525,16040,398.08,19752.0,2.9296,2.4817,12.31,4.0314,8.95,-1.1687,-0.131,-0.3625,1.3059,1.245,0,none,,0
2025-08-07,3,6294.47,576412,16196,364.96,19317.32,2.8099,2.2533,17.25,3.0689,10.92,1.34,0.3845,-0.2735,0.639,1.067,0,none,,0
2025-08-08,4,5046.93,545204,15006,314.6,17631.18,2.7525,2.0964,16.04,3.4934,9.26,-0.912,-0.1826,-0.9924,-0.3723,0.3885,0,none,,0
2025-08-09,5,4180.82,425089,14453,254.0,15033.52,3.4002,1.7573,16.46,3.5958,9.84,-0.5942,-0.4365,0.8392,-0.3173,0.8493,0,none,,0
2025-08-10,6,5087.07,459182,12841,220.45,14611.69,2.7967,1.7167,23.08,2.8723,11.08,1.439,0.3254,-0.3744,-1.1587,0.6348,0,none,,0
2025-08-11,0,4840.83,501233,18345,280.61,13892.69,3.6601,1.5296,17.25,2.8699,9.66,-1.296,-0.9877,0.9953,-1.0606,-1.1157,0,none,,0
2025-08-12,1,4862.54,513483,17041,368.16,16022.57,3.3188,2.1604,13.21,3.2951,9.47,-1.2613,-0.772,0.2087,0.6848,-0.2678,0,none,,0
2025-08-13,2,5788.63,557316,14289,282.4,17246.5,2.564,1.9763,20.5,2.9794,10.39,0.3979,0.0109,-1.4441,-1.0304,0.2176,0,none,,0
2025-08-14,3,6009.5,583727,18069,273.29,19350.38,3.0955,1.5125,21.99,3.22,10.3,0.7893,0.4801,0.8138,-1.2148,1.0536,0,none,,0
2025-08-15,4,5625.97,529240,17180,342.1,14865.19,3.2462,1.9912,16.45,2.6422,10.63,0.0958,-0.5028,0.2765,0.1544,-0.7388,0,none,,0
2025-08-16,5,4858.08,473333,11613,235.2,14281.21,2.4535,2.0252,20.66,2.9397,10.26,0.8919,0.6122,-1.3209,-0.8076,0.4486,0,none,,0
2025-08-17,6,4490.87,464768,11463,279.36,15860.9,2.4666,2.4369,16.08,3.5318,9.66,0.0637,0.4151,-1.4368,0.2891,1.2318,0,none,,0
2025-08-18,0,6287.82,565449,18467,284.51,14221.14,3.2659,1.5406,22.1,2.2617,11.12,1.2668,0.132,1.0301,-1.0022,-1.004,0,none,,0
2025-08-19,1,5564.88,539401,17852,388.97,17550.53,3.3096,2.1788,14.31,3.1538,10.32,-0.0335,-0.3395,0.6576,1.0737,0.3183,0,none,,0
2025-08-20,2,6308.4,561742,17864,387.53,20042.52,3.1802,2.1693,16.28,3.1771,11.23,1.2926,0.0557,0.6598,1.0413,1.3062,0,none,,0
2025-08-21,3,6105.57,566378,16698,340.4,16661.66,2.9484,2.0385,17.94,2.7289,10.78,0.9242,0.1337,-0.0406,0.1006,-0.0419,0,none,,0
2025-08-22,4,5967.08,531182,17361,364.09,19406.33,3.2684,2.0971,16.39,3.2522,11.23,0.6712,-0.5006,0.3491,0.5679,1.0456,0,none,,0
2025-08-23,5,4959.79,487420,14025,297.69,12920.43,2.8775,2.1225,16.66,2.605,10.18,1.0818,0.8906,0.446,0.7238,-0.2514,0,none,,0
2025-08-24,6,4707.33,430779,13047,281.32,12004.83,3.0288,2.1561,16.73,2.5502,10.93,0.5126,-0.3797,-0.2872,0.314,-0.709,0,none,,0
2025-08-25,0,5137.48,570280,17792,384.35,18371.81,3.12,2.1601,13.37,3.576,9.01,-0.8259,0.1836,0.591,0.9593,0.6237,0,none,,0
2025-08-26,1,6296.8,571229,18554,300.11,18924.26,3.2481,1.6175,20.98,3.0054,11.02,1.2388,0.1955,1.0388,-0.715,0.8393,0,none,,0
2025-08-27,2,6336.37,541486,15160,289.0,14712.85,2.7999,1.9062,21.93,2.322,11.7,1.3039,-0.3401,-0.9845,-0.9382,-0.8339,0,none,,0
2025-08-28,3,5645.48,607233,16224,298.47,18465.54,2.6718,1.8397,18.91,3.2709,9.3,0.0664,0.8276,-0.357,-0.7534,0.6502,0,none,,0
2025-08-29,4,6271.28,550928,17407,294.4,14446.17,3.1597,1.6912,21.3,2.3035,11.38,1.1769,-0.1812,0.3415,-0.8368,-0.9453,0,none,,0
2025-08-30,5,4396.25,492814,13571,306.71,16059.47,2.7538,2.26,14.33,3.653,8.92,-0.2109,0.9735,0.0729,0.9217,1.2799,0,none,,0
2025-08-31,6,4898.72,406361,14206,296.03,13357.4,3.496,2.0838,16.55,2.7267,12.06,0.9026,-0.956,0.5393,0.6539,-0.0604,0,none,,0
2025-09-01,0,5815.94,606593,19038,370.34,15264.25,3.1386,1.9452,15.7,2.6246,9.59,0.3502,0.7951,1.294,0.6563,-0.6301,0,none,,0
2025-09-02,1,6277.7,547264,15261,387.87,19463.74,2.7887,2.5414,16.19,3.1005,11.47,1.1665,-0.2655,-0.9511,0.9991,1.0269,0,none,,0
2025-09-03,2,6412.65,566187,19373,330.06,17098.62,3.4217,1.7037,19.43,2.6664,11.33,1.401,0.0662,1.4812,-0.1466,0.0888,0,none,,0
2025-09-04,3,6300.91,556404,18475,280.88,18828.69,3.3205,1.5203,22.43,2.9882,11.32,1.1968,-0.1126,0.9438,-1.1207,0.7687,0,none,,0
2025-09-05,4,4794.75,532190,15338,371.83,16736.39,2.8821,2.4241,12.9,3.4906,9.01,-1.4838,-0.5475,-0.9188,0.6714,-0.0608,0,none,,0
2025-09-06,5,4177.53,450997,11570,262.17,14481.78,2.5656,2.2658,15.93,3.4666,9.26,-0.7296,0.0082,-1.4411,-0.2023,0.4748,0,none,,0
2025-09-07,6,4641.18,435215,12239,304.02,15720.04,2.8123,2.484,15.27,3.3871,10.66,0.2943,-0.3468,-0.9508,0.826,1.0817,0,none,,0
2025-09-08,0,5308.58,565099,18838,364.2,19341.47,3.3336,1.9333,14.58,3.6434,9.39,-0.5849,0.0224,1.137,0.5104,0.9563,0,none,,0
2025-09-09,1,5999.83,581376,17286,342.29,17268.37,2.9734,1.98,17.53,2.8781,10.32,0.6359,0.3061,0.2148,0.0753,0.1359,0,none,,0
2025-09-10,2,6348.18,520684,17280,395.3,14457.75,3.3189,2.2875,16.06,2.2775,12.19,1.248,-0.7743,0.2063,1.1158,-0.974,0,none,,0
2025-09-11,3,4950.49,521006,18993,331.5,18218.61,3.6455,1.7453,14.93,3.6802,9.5,-1.2328,-0.773,1.2123,-0.1435,0.5033,0,none,,0
2025-09-12,4,4839.11,609050,17326,273.88,20285.6,2.8449,1.5806,17.67,4.192,7.95,-1.4342,0.781,0.2236,-1.28,1.3129,0,none,,0
2025-09-13,5,4488.92,463099,11562,278.8,14267.51,2.4967,2.4113,16.1,3.1784,9.69,-0.0724,0.2418,-1.4763,0.1844,0.3453,0,none,,0
2025-09-14,6,4831.71,441293,14458,232.76,15817.31,3.2763,1.6099,20.76,3.2736,10.95,0.6806,-0.2451,0.6533,-0.9498,1.1032,0,none,,0
2025-09-15,0,5064.56,615364,17266,366.83,19282.87,2.8059,2.1245,13.81,3.8074,8.23,-1.0481,0.8769,0.1733,0.5377,0.9075,0,none,,0
2025-09-16,1,5098.69,542298,16864,318.7,17020.53,3.1099,1.8898,16.0,3.3382,9.4,-0.9921,-0.4192,-0.0684,-0.4105,0.0156,0,none,,0
2025-09-17,2,5972.48,515983,16282,296.16,18551.58,3.1557,1.8188,20.17,3.1062,11.57,0.5465,-0.8885,-0.4157,-0.8559,0.6132,0,none,,0
2025-09-18,3,4949.81,598874,19015,404.39,17537.0,3.1751,2.1267,12.24,3.543,8.27,-1.2636,0.5701,1.1872,1.2639,0.2117,0,none,,0
2025-09-19,4,536.58,553128,17580,338.78,18050.53,3.1783,1.927,1.58,33.6403,9.7,-9.0534,-0.2421,0.338,-0.0261,0.4097,1,trend_break,spend,3
2025-09-20,5,4656.19,410834,15501,251.31,13338.6,3.7732,1.6212,18.53,2.8647,11.33,0.2627,-0.9448,1.3889,-0.5122,-0.1334,0,none,,0
2025-09-21,6,4850.23,452617,12115,229.23,14845.16,2.6768,1.892,21.16,3.0607,10.72,0.6853,-0.0286,-1.1029,-1.0555,0.601,0,none,,0
2025-09-22,0,5059.87,567606,18576,310.46,15507.18,3.2729,1.6712,16.3,3.0647,8.91,-1.0866,-0.0011,0.9083,-0.5899,-0.5962,0,none,,0
2025-09-23,1,5079.42,581204,19364,387.29,14051.98,3.3317,2.0,13.12,2.7665,8.74,-1.0565,0.2335,1.365,0.9101,-1.1685,0,none,,0
2025-09-24,2,5072.56,619272,19531,304.79,18203.69,3.154,1.5605,16.64,3.5887,8.19,-1.0729,0.8985,1.4578,-0.7067,0.4525,0,none,,0
2025-09-25,3,5230.73,532982,14553,329.08,19779.72,2.7307,2.2611,15.89,3.7814,9.81,-0.799,-0.6246,-1.4664,-0.2348,1.0652,0,none,,0
2025-09-26,4,5052.49,535136,16592,379.57,17826.42,3.1006,2.2876,13.31,3.5282,9.44,-1.1168,-0.5913,-0.2759,0.7483,0.2983,0,none,,0
2025-09-27,5,4677.88,418468,13565,326.9,11408.75,3.2417,2.4098,14.31,2.4389,11.18,0.2758,-0.8076,-0.067,1.3122,-1.0975,0,none,,0
2025-09-28,6,4275.3,459087,13966,281.74,15588.53,3.0422,2.0173,15.17,3.6462,9.31,-0.6131,0.0798,0.2215,0.2066,0.9392,0,none,,0
2025-09-29,0,5723.84,513875,18571,308.88,19251.35,3.6141,1.6631,18.53,3.3634,11.14,0.0491,-0.9781,0.8687,-0.6414,0.8441,0,none,,0
2025-09-30,1,4862.28,530523,19586,317.27,14420.89,3.692,1.6198,15.33,2.9659,9.17,-1.4676,-0.6903,1.457,-0.4805,-1.0431,0,none,,0
2025-10-01,2,5376.98,517415,17163,302.91,17236.23,3.3171,1.7649,17.75,3.2056,10.39,-0.569,-0.9247,0.0345,-0.7634,0.0515,0,none,,0
2025-10-02,3,5584.08,581581,14863,328.39,15760.62,2.5557,2.2093,17.0,2.8224,9.6,-0.2104,0.1958,-1.314,-0.27,-0.5266,0,none,,0
2025-10-03,4,5885.82,580790,17791,295.69,15653.04,3.0634,1.6619,19.91,2.6594,10.13,0.3136,0.1771,0.3921,-0.9096,-0.5714,0,none,,0
2025-10-04,5,4623.17,453210,13005,305.41,11477.5,2.8696,2.3484,15.14,2.4826,10.2,0.1215,-0.0779,-0.5091,0.7627,-1.0827,0,none,,0
2025-10-05,6,4044.16,481944,13167,314.25,11374.41,2.7322,2.3866,12.87,2.8126,8.39,-1.1504,0.5461,-0.3953,0.974,-1.1355,0,none,,0
2025-10-06,0,5432.93,627875,19642,300.36,18036.39,3.1284,1.5291,18.09,3.3198,8.65,-0.4937,0.9863,1.4566,-0.8272,0.3465,0,none,,0
2025-10-07,1,5124.94,533789,19671,336.58,14585.91,3.6852,1.711,15.23,2.8461,9.6,-1.0369,-0.6644,1.4678,-0.1261,-0.9979,0,none,,0
2025-10-08,2,5323.0,573303,16314,337.06,14872.28,2.8458,2.0659,15.79,2.794,9.28,-0.695,0.0218,-0.4934,-0.12,-0.8893,0,none,,0
2025-10-09,3,4985.53,616937,15618,378.68,16136.59,2.5316,2.4246,13.17,3.2367,8.08,-1.2891,0.7794,-0.9037,0.6851,-0.4012,0,none,,0
2025-10-10,4,5367.45,595099,18953,314.19,15406.8,3.185,1.6577,17.08,2.8704,9.02,-0.6262,0.3929,1.0336,-0.5699,-0.6874,0,none,,0
2025-10-11,5,4163.88,471119,12076,288.19,13822.77,2.5633,2.3865,14.45,3.3197,8.84,-0.9145,0.2797,-1.2167,0.3204,0.0358,0,none,,0
2025-10-12,6,4790.31,453619,12588,258.98,13712.16,2.7751,2.0573,18.5,2.8625,10.56,0.4473,-0.1069,-0.8487,-0.391,-0.0211,0,none,,0
2025-10-13,0,6521.46,592412,15151,388.49,15981.72,2.5576,2.564,16.79,2.4506,11.01,1.3728,0.3311,-1.1924,0.861,-0.4732,0,none,,0
2025-10-14,1,5353.43,600479,18362,351.38,15427.39,3.058,1.9136,15.24,2.8818,8.92,-0.6686,0.4668,0.669,0.1388,-0.6909,0,none,,0
2025-10-15,2,5538.03,533221,16380,369.78,19497.93,3.072,2.2574,14.98,3.5207,10.39,-0.3514,-0.71,-0.487,0.4916,0.8823,0,none,,0
2025-10-16,3,5283.51,612450,19246,332.15,13967.31,3.1426,1.7257,15.91,2.6436,8.63,-0.7992,0.6653,1.1721,-0.2399,-1.2616,0,none,,0
2025-10-17,4,6234.75,519139,17726,356.9,16399.4,3.4147,2.0133,17.47,2.6303,12.01,0.8521,-0.964,0.2851,0.2357,-0.3234,0,none,,0
2025-10-18,5,4499.28,476093,13865,248.14,14382.74,2.9124,1.7896,18.13,3.1967,9.45,-0.2155,0.3536,0.0514,-0.6708,0.284,0,none,,0
2025-10-19,6,5254.62,449023,11998,329.91,14485.14,2.6721,2.7496,15.93,2.7567,11.7,1.4217,-0.2398,-1.3066,1.3013,0.3302,0,none,,0
2025-10-20,0,5069.62,557165,15364,391.53,19886.2,2.7577,2.5483,12.95,3.9226,9.1,-1.1885,-0.3159,-1.0982,0.8947,1.0142,0,none,,0
2025-10-21,1,5214.98,532689,17725,346.25,18613.98,3.3275,1.9534,15.06,3.5693,9.79,-0.9402,-0.7458,0.2645,0.017,0.5194,0,none,,0
2025-10-22,2,5590.23,520761,17847,334.91,20177.57,3.4272,1.8765,16.69,3.6094,10.73,-0.2929,-0.9573,0.3304,-0.205,1.1194,0,none,,0
2025-10-23,3,5586.54,548922,19386,278.81,16088.21,3.5317,1.4382,20.04,2.8798,10.18,-0.3039,-0.4728,1.2159,-1.29,-0.4616,0,none,,0
2025-10-24,4,6030.76,580210,15755,391.98,15247.02,2.7154,2.488,15.39,2.5282,10.39,0.4621,0.0654,-0.8894,0.889,-0.7888,0,none,,0
2025-10-25,5,4187.19,429825,15723,288.12,14604.22,3.6581,1.8324,14.53,3.4878,9.74,-0.9244,-0.6837,1.3599,0.2721,0.3676,0,none,,0
2025-10-26,6,4242.8,415976,14258,277.82,13723.88,3.4277,1.9485,15.27,3.2346,10.2,-0.8083,-0.9882,0.2967,0.0209,-0.0596,0,none,,0
2025-10-27,0,5693.69,552733,16146,307.89,16157.71,2.9212,1.9069,18.49,2.8378,10.3,-0.1367,-0.4249,-0.6763,-0.7403,-0.4466,0,none,,0
2025-10-28,1,5444.03,632833,19575,356.85,20659.94,3.0933,1.823,15.26,3.795,8.6,-0.5737,0.9575,1.2982,0.1987,1.2828,0,none,,0
2025-10-29,2,5528.36,571474,19721,361.75,15343.78,3.451,1.8343,15.28,2.7755,9.67,-0.4322,-0.1096,1.3772,0.2897,-0.7655,0,none,,0
2025-10-30,3,5270.51,559509,15925,311.47,13906.27,2.8462,1.9558,16.92,2.6385,9.42,-0.8828,-0.3213,-0.8173,-0.6801,-1.3209,0,none,,0
2025-10-31,4,5429.59,530511,15200,354.79,20771.69,2.8653,2.334,15.3,3.8256,10.23,-0.612,-0.8273,-1.239,0.1494,1.3145,0,none,,0
2025-11-01,5,4073.03,457192,14150,254.9,12790.16,3.0952,1.8013,15.98,3.1402,8.91,-1.2011,-0.1234,0.19,-0.5483,-0.5266,0,none,,0
2025-11-02,6,4373.01,501593,11984,248.37,15608.47,2.3893,2.0724,17.61,3.5693,8.72,-0.5576,0.8307,-1.3741,-0.7078,0.8228,0,none,,0
2025-11-03,0,5116.84,634056,18383,315.9,17069.8,2.8993,1.7184,16.2,3.336,8.07,-1.1653,0.9475,0.5801,-0.6064,-0.1172,0,none,,0
2025-11-04,1,5186.13,555251,17801,393.0,16434.62,3.206,2.2077,13.2,3.169,9.34,-1.0499,-0.4176,0.2403,0.8693,-0.3639,0,none,,0
2025-11-05,2,5741.61,596486,18704,323.74,17992.51,3.1358,1.7308,17.74,3.1337,9.63,-0.096,0.2891,0.7548,-0.4619,0.2303,0,none,,0
2025-11-06,3,6176.54,541102,16131,337.71,20110.33,2.9812,2.0935,18.29,3.2559,11.41,0.6492,-0.6707,-0.7292,-0.1972,1.0384,0,none,,0
2025-11-07,4,6612.91,534232,17200,336.89,18105.98,3.2196,1.9587,19.63,2.738,12.38,1.3962,-0.7934,-0.1195,-0.2158,0.2672,0,none,,0
2025-11-08,5,5120.13,480247,14524,328.71,13284.91,3.0244,2.2631,15.58,2.5946,10.66,1.0243,0.3404,0.4246,1.1974,-0.3102,0,none,,0
2025-11-09,6,5234.14,463871,14897,265.08,12037.67,3.2116,1.7793,19.75,2.2998,11.28,1.2645,-0.0169,0.6873,-0.3279,-0.9097,0,none,,0
2025-11-10,0,5281.82,576168,19382,290.92,14158.48,3.3641,1.5009,18.16,2.6806,9.17,-0.9106,-0.0848,1.1186,-1.104,-1.2522,0,none,,0
2025-11-11,1,5519.05,571828,16947,291.14,13977.76,2.9638,1.7179,18.96,2.5326,9.65,-0.5068,-0.1641,-0.2829,-1.1023,-1.3238,0,none,,0
2025-11-12,2,5324.02,573044,19919,394.6,14712.78,3.4761,1.981,13.49,2.7635,9.29,-0.8466,-0.1478,1.4158,0.8714,-1.0455,0,none,,0
2025-11-13,3,6220.84,605007,18823,343.21,15194.5,3.1113,1.8233,18.13,2.4425,10.28,0.6902,0.3968,0.7825,-0.1135,-0.8642,0,none,,0
2025-11-14,4,6080.21,594836,15215,288.53,20716.18,2.5579,1.8963,21.07,3.4071,10.22,0.4437,0.2172,-1.2884,-1.1601,1.2407,0,none,,0
2025-11-15,5,4372.4,490914,13600,243.96,13795.95,2.7704,1.7938,17.92,3.1552,8.91,-0.6166,0.5353,-0.271,-0.8494,-0.0874,0,none,,0
2025-11-16,6,4595.86,505253,13082,297.77,11816.81,2.5893,2.2761,15.43,2.5712,9.1,-0.1417,0.8379,-0.6459,0.4302,-1.0339,0,none,,0
2025-11-17,0,6251.64,550926,17961,301.32,14710.85,3.2602,1.6776,20.75,2.3531,11.35,0.723,-0.5504,0.2693,-0.9242,-1.0595,0,none,,0
2025-11-18,1,6139.12,538184,19691,311.58,14838.67,3.6589,1.5823,19.7,2.4171,11.41,0.525,-0.7733,1.2533,-0.7313,-1.0134,0,none,,0
2025-11-19,2,5257.14,535788,19071,349.51,16726.18,3.5594,1.8327,15.04,3.1816,9.81,-0.9913,-0.8187,0.8935,-0.0119,-0.2973,0,none,,0
2025-11-20,3,5612.43,544948,16327,313.73,17506.25,2.9962,1.9214,17.89,3.1192,10.3,-0.387,-0.6661,-0.6779,-0.6961,-0.0034,0,none,,0
2025-11-21,4,5869.24,603886,18981,379.93,15459.68,3.1431,2.0016,15.45,2.634,9.72,0.0482,0.3386,0.8319,0.5604,-0.7851,0,none,,0
2025-11-22,5,4734.61,439354,12278,283.54,13053.51,2.7947,2.3092,16.7,2.757,10.78,0.1274,-0.6022,-1.2452,0.0723,-0.4619,0,none,,0
2025-11-23,6,4416.54,512507,15120,230.98,14081.58,2.9502,1.5277,19.12,3.1884,8.62,-0.5574,0.9574,0.7756,-1.1795,0.0237,0,none,,0
2025-11-24,0,6192.03,584673,17460,332.42,15943.79,2.9864,1.9038,18.63,2.5749,10.59,0.5859,-0.0044,-0.0497,-0.3522,-0.6094,0,none,,0
2025-11-25,1,5531.82,534107,15803,401.3,18164.54,2.9589,2.5393,13.78,3.2836,10.36,-0.5472,-0.8732,-0.9981,0.9527,0.231,0,none,,0
2025-11-26,2,6397.15,623329,17831,305.92,15092.95,2.8606,1.7156,20.91,2.3593,10.26,0.9263,0.6465,0.1518,-0.861,-0.938,0,none,,0
2025-11-27,3,5622.97,888830,17564,365.82,14283.8,1.9761,2.0827,15.37,2.5403,9.49,-0.4005,5.1741,-0.0046,0.2725,-1.2477,1,spike,impressions,1
2025-11-28,4,6127.85,591486,20121,398.79,16969.96,3.4019,1.9819,15.37,2.7693,10.36,0.4566,0.0932,1.4454,0.8944,-0.2316,0,none,,0
2025-11-29,5,4151.89,458383,15058,295.23,13983.83,3.2851,1.9606,14.06,3.3681,9.06,-1.1481,-0.2272,0.7017,0.3271,-0.0414,0,none,,0
2025-11-30,6,5119.37,447971,15431,294.13,13361.14,3.4447,1.906,1.74,2.6099,11.43,0.9094,-0.4537,0.9614,0.2976,-0.3394,1,trend_break,cpa,3
2025-12-01,0,6428.3,595634,17427,372.83,17367.79,2.9259,2.1393,17.24,2.7018,10.79,0.9539,0.1497,-0.101,0.3924,-0.09,0,none,,0
2025-12-02,1,5532.0,626871,18680,328.32,19943.4,2.98,1.7575,16.85,3.6051,8.82,-0.5778,0.677,0.6058,-0.4534,0.8818,0,none,,0
2025-12-03,2,5300.62,537787,18677,403.91,19789.0,3.473,2.1626,13.12,3.7333,9.86,-0.9761,-0.8446,0.5988,0.9737,0.8198,0,none,,0
2025-12-04,3,5244.45,539957,16810,402.66,20886.33,3.1133,2.3953,13.02,3.9826,9.71,-1.0759,-0.8119,-0.4649,0.9464,1.2313,0,none,,0
2025-12-05,4,6341.75,596631,15160,358.82,19796.87,2.5411,2.3668,17.67,3.1217,10.63,0.7863,0.1477,-1.4046,0.1144,0.8158,0,none,,0
2025-12-06,5,5266.72,445753,12323,243.94,16020.28,2.7647,1.9795,21.59,3.0418,11.82,1.1921,-0.5275,-1.2706,-0.9068,0.8987,0,none,,0
2025-12-07,6,5127.35,473735,14041,317.16,13691.58,2.964,2.2587,16.17,2.6703,10.82,0.8908,0.0625,-0.0583,0.8184,-0.204,0,none,,0
2025-12-08,0,5182.32,604818,18736,409.65,15715.31,3.0979,2.1864,12.65,3.0325,8.57,-1.198,0.2726,0.6078,1.0643,-0.7351,0,none,,0
2025-12-09,1,5772.47,575230,15586,301.72,20053.23,2.7096,1.9358,19.13,3.4739,10.04,-0.2002,-0.2345,-1.1799,-0.9754,0.8986,0,none,,0
2025-12-10,2,5685.14,628031,15455,371.24,20283.11,2.461,2.4019,15.31,3.5677,9.05,-0.353,0.657,-1.2577,0.3327,0.9818,0,none,,0
2025-12-11,3,5670.87,618506,17302,401.88,17905.31,2.7975,2.3227,14.11,3.1574,9.17,-0.3817,0.4905,-0.2176,0.907,0.082,0,none,,0
2025-12-12,4,5152.88,600483,17962,369.49,19080.71,2.9914,2.057,13.95,3.7029,8.58,-1.2643,0.1801,0.1509,0.2933,0.5217,0,none,,0
2025-12-13,5,5125.72,445637,15548,240.44,14855.58,3.4889,1.5465,21.32,2.8982,11.5,0.857,-0.5607,0.9777,-1.0078,0.3259,0,none,,0
2025-12-14,6,4158.08,505362,15439,283.83,13086.71,3.0551,1.8383,14.65,3.1473,8.23,-1.1966,0.6994,0.8959,0.0101,-0.5096,0,none,,0
2025-12-15,0,6737.34,555444,18143,295.33,15720.91,3.2665,1.6277,22.81,2.3334,12.13,1.406,-0.5966,0.2388,-1.1114,-0.7523,0,none,,0
2025-12-16,1,5559.62,648372,17733,356.92,14440.54,2.735,2.0127,15.58,2.5974,8.57,-0.5922,0.9715,0.0025,0.0441,-1.2365,0,none,,0
2025-12-17,2,5334.52,595766,17181,342.76,18753.67,2.884,1.9949,15.56,3.5155,8.95,-0.9773,0.0767,-0.313,-0.2251,0.3821,0,none,,0
2025-12-18,3,5301.6,591457,19291,346.85,15373.06,3.2617,1.798,15.28,2.8997,8.96,-1.0371,-0.0008,0.8714,-0.1512,-0.8912,0,none,,0
2025-12-19,4,5407.18,547494,17101,360.88,14719.38,3.1236,2.1102,14.98,2.7222,9.88,-0.8629,-0.7484,-0.3673,0.1092,-1.1393,0,none,,0
2025-12-20,5,5436.99,517609,15612,257.63,11494.81,3.0163,1.6501,21.1,2.1142,10.5,1.4791,0.9282,0.9875,-0.6231,-1.2736,0,none,,0
2025-12-21,6,4107.05,445964,14405,247.74,16113.93,3.2302,1.7198,16.58,3.9235,9.21,-1.3328,-0.5887,0.1334,-0.8577,0.8901,0,none,,0
2025-12-22,0,6380.74,630070,16283,388.12,16748.96,2.5843,2.3835,16.44,2.6249,10.13,0.7673,0.6323,-0.8409,0.6104,-0.3859,0,none,,0
2025-12-23,1,5256.48,617254,20305,290.78,14896.59,3.2896,1.4321,18.08,2.8339,8.52,-1.1339,0.4112,1.4163,-1.2171,-1.0831,0,none,,0
2025-12-24,2,5807.95,568330,19432,352.16,17684.46,3.4193,1.8122,16.49,3.0449,10.22,-0.2083,-0.4184,0.9208,-0.0699,-0.0412,0,none,,0
2025-12-25,3,5688.51,576002,19174,395.94,14344.73,3.329,2.0649,14.37,2.5217,9.88,-0.4141,-0.2936,0.7708,0.7468,-1.2949,0,none,,0
2025-12-26,4,5425.99,576077,16696,380.23,20148.72,2.8983,2.2773,14.27,3.7134,9.42,-0.8607,-0.2968,-0.6257,0.4494,0.875,0,none,,0
2025-12-27,5,4841.56,462615,14280,298.88,16499.7,3.0868,2.093,16.2,3.4079,10.47,0.1889,-0.2644,0.0173,0.322,1.0496,0,none,,0
2025-12-28,6,4164.96,487492,13808,246.78,12077.49,2.8326,1.7871,16.88,2.8998,8.54,-1.239,0.2544,-0.3176,-0.8989,-1.0211,0,none,,0
2025-12-29,0,5589.33,653666,17332,315.66,18754.86,2.6515,1.8212,17.71,3.3555,8.55,-0.5986,0.9949,-0.2823,-0.7672,0.3436,0,none,,0
2025-12-30,1,5937.39,592721,17595,399.14,15821.15,2.9685,2.2685,14.88,2.6647,10.02,-0.0177,-0.0348,-0.1393,0.7896,-0.7557,0,none,,0
2025-12-31,2,6470.79,575207,16141,325.56,16656.94,2.8062,2.0169,19.88,2.5742,11.25,0.874,-0.3338,-0.9582,-0.5879,-0.4463,0,none,,0
2026-01-01,3,5143.23,644679,15709,325.67,15068.98,2.4369,2.073,15.79,2.9299,7.98,-1.3609,0.8287,-1.204,-0.5886,-1.0419,0,none,,0
2026-01-02,4,6559.54,609336,16406,410.51,20017.8,2.6926,2.5021,15.98,3.0517,10.77,1.013,0.2304,-0.818,0.9914,0.8019,0,none,,0
2026-01-03,5,5264.29,488120,14307,271.6,12721.15,2.9312,1.8983,19.38,2.4165,10.78,1.0429,0.2393,0.0043,-0.3362,-0.7366,0,none,,0
2026-01-04,6,5326.6,485896,16109,269.78,15424.75,3.3153,1.6747,19.74,2.8958,10.96,1.1685,0.188,1.2588,-0.3816,0.5204,0,none,,0
2026-01-05,0,6269.34,613740,11479,306.84,21318.82,1.8704,2.673,20.43,3.4005,10.21,0.5113,0.2901,-3.5845,-0.9504,1.2763,1,drop,clicks,1
2026-01-06,1,6161.45,556106,16620,367.36,15876.0,2.9887,2.2103,16.77,2.5767,11.08,0.3257,-0.6805,-0.7156,0.1738,-0.7543,0,none,,0
2026-01-07,2,6099.97,653538,15652,352.52,17166.49,2.395,2.2522,17.3,2.8142,9.33,0.2179,0.9473,-1.2603,-0.1056,-0.2766,0,none,,0
2026-01-08,3,6689.85,645878,17246,330.35,17553.27,2.6703,1.9155,20.25,2.6239,10.36,1.2009,0.814,-0.3746,-0.5209,-0.1356,0,none,,0
2026-01-09,4,6367.66,563304,18779,419.75,16347.92,3.3338,2.2352,15.17,2.5673,11.3,0.6566,-0.5729,0.4761,1.1386,-0.5869,0,none,,0
2026-01-10,5,4271.07,442032,12693,245.46,12718.48,2.8715,1.9338,17.4,2.9778,9.66,-1.0693,-0.7572,-1.1531,-0.9639,-0.7569,0,none,,0
2026-01-11,6,5167.89,442758,15947,326.43,15659.54,3.6018,2.047,15.83,3.0302,11.67,0.801,-0.7463,1.11,0.9139,0.6064,0,none,,0
2026-01-12,0,5088.82,626450,19991,335.36,19515.9,3.1912,1.6775,15.17,3.8351,8.12,-1.4953,0.4695,1.137,-0.4392,0.5813,0,none,,0
2026-01-13,1,6362.53,546945,18428,373.19,16537.68,3.3694,2.0251,17.05,2.5992,11.63,0.6285,-0.8634,0.2616,0.2601,-0.5276,0,none,,0
2026-01-14,2,6796.37,603165,18397,375.88,20777.53,3.0501,2.0431,18.08,3.0572,11.27,1.348,0.0712,0.2393,0.3067,1.0428,0,none,,0
2026-01-15,3,6698.73,567982,15699,382.12,21404.86,2.7641,2.434,17.53,3.1954,11.79,1.1799,-0.5206,-1.2661,0.4194,1.2719,0,none,,0
2026-01-16,4,5861.66,603022,16646,429.14,18997.57,2.7605,2.578,13.66,3.241,9.72,-0.2216,0.0596,-0.7436,1.2877,0.3759,0,none,,0
2026-01-17,5,4676.58,465766,14622,280.42,15630.96,3.1395,1.9176,16.68,3.3424,10.04,-0.2527,-0.2921,0.1595,-0.1726,0.5732,0,none,,0
